{"cameraMode":{"drawMode":0,"name":"Shaded","section":"Shading Mode"},"sceneLighting":true,"audioPlay":false,"sceneViewState":{"m_AlwaysRefresh":false,"showFog":true,"showSkybox":true,"showFlares":true,"showImageEffects":true,"showParticleSystems":true,"showVisualEffectGraphs":true,"m_FxEnabled":true},"in2DMode":false,"pivot":{"x":-1.405674934387207,"y":-4.638350963592529,"z":19.022891998291017},"rotation":{"x":0.12728652358055116,"y":-0.052052803337574008,"z":0.006689108442515135,"w":0.9904782176017761},"size":11.925186157226563,"orthographic":false}